<?xml version="1.0" encoding="UTF-8"?>
<Export generator="Cache" version="24" zv="Cache for UNIX (IBM AIX for System P5-64) 2010.2.7 (Build 1004U)" ts="2014-05-13 17:10:44">
<Class name="Nur.JSON">
<Super>%String</Super>
<TimeChanged>63254,49826.658158</TimeChanged>
<TimeCreated>62682,82041.973219</TimeCreated>

<UDLText name="T">
<Content><![CDATA[
/*
		Original Code By: Yonatan
		Date: 03/14/2010
		Version: 1.0
		
		Modified by: Dan McCracken
		Date: 10/27/2011
		Version 1.1
		Description: Added method for encoding a simple cache object, containing simple datatypes.
					 Added method to return an object as an %ArrayOfDataTypes as a helper when creating a %ListOfDataTypes,
					 	containing an array of objects to be encoded.
					 Fixed a bug that allowed %String property types to be unescaped when they qualified for $ISVALIDNUM()
					 	Strings containing a period character need to be escaped with quotes.
					 Added classmethod to return an object loaded with the properties from an encoded JSON string.
			
	*/
]]></Content>
</UDLText>

<Parameter name="EscapeChar">
<Type>COSEXPRESSION</Type>
<Default>$LB($LB("\","\\"),$LB($C(13),"\n"),$LB($C(10),"\r"),$LB($C(9),"\t"),$LB("""","\"""),$LB($C(8),"\b"),$LB($C(12),"\f"))</Default>
</Parameter>

<Parameter name="UnEscapeChar">
<Type>COSEXPRESSION</Type>
<Default>$LB("\\","\n","\r","\t","\""","\b","\f")</Default>
</Parameter>

<Parameter name="JSonSlice">
<Final>1</Final>
<Internal>1</Internal>
<Default>1</Default>
</Parameter>

<Parameter name="JSonInString">
<Final>1</Final>
<Internal>1</Internal>
<Default>2</Default>
</Parameter>

<Parameter name="JSonInArray">
<Final>1</Final>
<Internal>1</Internal>
<Default>3</Default>
</Parameter>

<Parameter name="JSonInObject">
<Final>1</Final>
<Internal>1</Internal>
<Default>4</Default>
</Parameter>

<Method name="GetEscapeChars">
<ClassMethod>1</ClassMethod>
<ReturnType>%String</ReturnType>
<Implementation><![CDATA[  Quit ..#EscapeChar
]]></Implementation>
</Method>

<Method name="SetAux">
<Internal>1</Internal>
<ClassMethod>1</ClassMethod>
<FormalSpec>what:%String,where:%Integer,delim:%String</FormalSpec>
<ReturnType>%DataType</ReturnType>
<Implementation><![CDATA[
  s aux=##class(%ArrayOfDataTypes).%New() 
  d aux.SetAt(what,"what")
  d aux.SetAt(where,"where") 
  d aux.SetAt(delim,"delim")
 
  q aux
]]></Implementation>
</Method>

<Method name="isEscaped">
<Description>
we know that it's not escaped becase there is _not_ an
odd number of backslashes at the end of the string so far</Description>
<Internal>1</Internal>
<ClassMethod>1</ClassMethod>
<FormalSpec>str:%String,c:%String</FormalSpec>
<ReturnType>%Boolean</ReturnType>
<Implementation><![CDATA[
  s pos=$F(str,c)
  q ($L($E(str,1,pos))-$L($REPLACE($E(str,1,pos),"\","")))#2=1
]]></Implementation>
</Method>

<Method name="Escape">
<Description>
Escapes the string. </Description>
<Internal>1</Internal>
<ClassMethod>1</ClassMethod>
<FormalSpec>str:%String</FormalSpec>
<ReturnType>%String</ReturnType>
<Implementation><![CDATA[
  for tI=1:1:$LL(..#EscapeChar) { 
    Set tCharPair=$LG(..#EscapeChar,tI)
    Set str=$Replace(str,$LG(tCharPair,1),$LG(tCharPair,2))
  }
  Quit str
]]></Implementation>
</Method>

<Method name="Unescape">
<Internal>1</Internal>
<ClassMethod>1</ClassMethod>
<FormalSpec>str:%String</FormalSpec>
<ReturnType>%String</ReturnType>
<Implementation><![CDATA[
  For tI=1:1:$Length(str){
    Set tChar=$ListFind(..#UnEscapeChar,$E(str,tI,tI+1))
    if (tChar>0){
      Set $E(str,tI,tI+1)=$LG($LG(..#EscapeChar,tChar),1)
    }
  }
  Quit str
]]></Implementation>
</Method>

<Method name="Decode">
<Description>
Decode a string JSON. </Description>
<ClassMethod>1</ClassMethod>
<FormalSpec>str:%String</FormalSpec>
<ReturnType>%ArrayOfDataTypes</ReturnType>
<Implementation><![CDATA[
  #dim stack as %ListOfDataTypes
  s matchType=$ZCVT(str,"L")
 
  q:(matchType="true") "1"
  q:(matchType="false") "0"
  q:(matchType="null") ""  
  q:($ISVALIDNUM(matchType)) matchType 
  q:str?1"""".E1"""" ..Unescape($e(str,2,$l(str)-1))
  //$replace($e(str,2,$l(str)-1),"\""","""")
 
  // array or object notation
  s match=str?1(1"[".E1"]",1"{".E1"}")
  s stack=##class(%ListOfDataTypes).%New()
 
  if match {
    if $E(str,1)="[" {
      d stack.Insert(..#JSonInArray)
      s arr=##class(%ListOfDataTypes).%New()
    }  
    else {
      d stack.Insert(..#JSonInObject) 
      s obj=##class(%ArrayOfDataTypes).%New()
    }
   
    d stack.Insert(..SetAux(..#JSonSlice,1,"false"))
   
    s chars=$E(str,2,$L(str)-1)
   
    if chars="" {
      if stack.GetAt(1)=..#JSonInArray {
        q arr
      }
      else {
        q obj
      }  
    }

    s strlenChars=$L(chars)+1

    s escaped=0
    For c=1:1:strlenChars {
      s last=stack.Count()
      s top=stack.GetAt(last)
     
      s:(escaped=2) escaped=0
      s:(escaped=1) escaped=2
     
      s substrC2=$E(chars,c-1,c)
      if ($E(chars,c,c)="\")&&(escaped=0) s escaped=1
      
      if $e(chars,c)="" {
        s a=22
      }
     
      if (c=strlenChars || ($E(chars,c)=",")) && (top.GetAt("what")=..#JSonSlice) {
        // found a comma that is not inside a string, array, etc.,
        // OR we've reached the end of the character list
        s slice = $E(chars, top.GetAt("where"),c-1)
        d stack.Insert(..SetAux(..#JSonSlice,c+1,"false"))
        if stack.GetAt(1)=..#JSonInArray {
          // we are in an array, so just push an element onto the stack
          d arr.Insert(..Decode(slice)) 
        }
        elseif stack.GetAt(1)=..#JSonInObject {
          // we are in an object, so figure
          // out the property name and set an
          // element in an associative array,
          // for now 
                   
          s match=slice?." "1""""1.E1""""." "1":"1.E
          if match {
            //'name':value par
            s key1=$p(slice,":")
            s key=..Decode(key1)

            s val=..Decode($P(slice,":",2,$l(slice,":"))) 
            d obj.SetAt(val, key)
                    
          }
        }
      }
      elseif $E(chars,c)="""" && (top.GetAt("what")'=..#JSonInString) {
        // found a quote, and we are not inside a string
        d stack.Insert(..SetAux(..#JSonInString,c,$E(chars,c)))
      }
      elseif $E(chars,c)=top.GetAt("delim") && (top.GetAt("what")=..#JSonInString) && (escaped=0) {
        // found a quote, we're in a string, and it's not escaped (look 3 charachters behind, to see the \" is not \\" )
        s last=stack.Count()
        s st=stack.RemoveAt(last)
      }
      elseif ($E(chars,c)="[") && (top.GetAt("what")'=..#JSonInString) && ($CASE(top.GetAt("what"),..#JSonInString:1,..#JSonInArray:1,..#JSonSlice:1,:0)) { 
        // found a left-bracket, and we are in an array, object, or slice
        d stack.Insert(..SetAux(..#JSonInArray,c,"false"))
      }
      elseif $E(chars,c)="]" && (top.GetAt("what")=..#JSonInArray) {
        // found a right-bracket, and we're in an array
        s last=stack.Count()
        s st=stack.RemoveAt(last) 
      }
      ;modificacio 19/11/08: ..#JSonString -> #JSonInArray
      elseif $E(chars,c)="{" && ($CASE(top.GetAt("what"),..#JSonSlice:1,..#JSonInArray:1,..#JSonInObject:1,:0)) {
        // found a left-brace, and we are in an array, object, or slice
        d stack.Insert(..SetAux(..#JSonInObject,c,"false"))
      }
      elseif $E(chars,c)="}" && (top.GetAt("what")=..#JSonInObject) {
        // found a right-brace, and we're in an object 
        s last=stack.Count()
        s st=stack.RemoveAt(last) 
      }
     
    }  
   
    if stack.GetAt(1)=..#JSonInObject {
      q obj
    }
    elseif stack.GetAt(1)=..#JSonInArray {
      q arr
    }
  }
  q str
]]></Implementation>
</Method>

<Method name="Encode">
<Description>
Encode a Cache string to a JSON string</Description>
<ClassMethod>1</ClassMethod>
<FormalSpec>data:%DataType</FormalSpec>
<ReturnType>%String</ReturnType>
<Implementation><![CDATA[

  if $IsObject(data) {  
    s key=""
   
    s typeData=data.%ClassName()

    if typeData="%ArrayOfDataTypes" {
      //type object
      s key=""
      s cad=""
      F {
        s pData=data.GetNext(.key)
        q:key=""
        s value=..Encode(pData)
        s cad=$S(cad'="":cad_",",1:"")_""""_..Escape(key)_""":"_value  
      } 
      q "{"_cad_"}"
    }
    elseif typeData="%ListOfDataTypes" {
      //type array 
     
      s cad=""
      f i=1:1:data.Count() {
        s tmp=..Encode(data.GetAt(i))
        s cad=$S(i>1:cad_",",1:"")_tmp
      }
     
      s cad="["_cad_"]"
      q cad
    }
  }
  elseif ($FIND(data,".")) {
	;; This $ISVALIDNUM below is causing some %String property types that are valid numbers (ie. .1293394) to be unescaped
  	;; $ISVALIDNUM allows for periods. Need to check for a . in another elseif and escape it like a string "".

	//type string
    q:data="" """"""
    q """"_..Escape(data)_""""
  }
  elseif $ISVALIDNUM(data) {
    // type number
    //q ..Escape(+data)
    q data  //pjf 2012 0818 cocoa 处理 0开头的数字会报错
    
  }
  else {
    //type string
    q:data="" """"""
    q """"_..Escape(data)_""""
  }
]]></Implementation>
</Method>

<Method name="EncodeForOrder">
<Description>
Encode a Cache string to a JSON string</Description>
<ClassMethod>1</ClassMethod>
<FormalSpec>data:%DataType</FormalSpec>
<ReturnType>%String</ReturnType>
<Implementation><![CDATA[

  if $IsObject(data) {  
    s key=""
   
    s typeData=data.%ClassName()

    if typeData="%ArrayOfDataTypes" {
      //type object
      s key=""
      s cad=""
      F {
        s pData=data.GetNext(.key)
        q:key=""
        s value=""""_pData_""""
        s cad=$S(cad'="":cad_",",1:"")_""""_(key)_""":"_value  
      } 
      q "{"_cad_"}"
    }
  }
]]></Implementation>
</Method>

<Method name="CreateStringPair">
<ClassMethod>1</ClassMethod>
<FormalSpec>pKey:%String,pValue:%String</FormalSpec>
<ReturnType>%String</ReturnType>
<Implementation><![CDATA[  Quit """"_pKey_""":"""_..Escape(pValue)_""""
]]></Implementation>
</Method>

<Method name="Parse">
<ClassMethod>1</ClassMethod>
<FormalSpec>pStr:Nur.JSON</FormalSpec>
<ReturnType>%ArrayOfDataTypes</ReturnType>
<Implementation><![CDATA[  Quit ##class(Nur.JSON).Decode(pStr)
]]></Implementation>
</Method>

<Method name="Stringify">
<ClassMethod>1</ClassMethod>
<FormalSpec>pData:%DataType</FormalSpec>
<ReturnType>Nur.JSON</ReturnType>
<Implementation><![CDATA[  Quit ##class(Nur.JSON).Encode(pData)
]]></Implementation>
</Method>

<Method name="GetJSONFromObject">
<Description><![CDATA[
Return an encoded JSON string of the object.<br>
Uses all object properties that do not start with a % char.]]></Description>
<CodeMode>objectgenerator</CodeMode>
<ReturnType>%String</ReturnType>
<Implementation><![CDATA[
	// Only create this method when compiling other classes this is extended upon
	If (%compiledclass.Name '= "Nur.JSON") {
		
		// Wrap the object in an array
		Do %code.WriteLine(" Set array = ##class(%ArrayOfDataTypes).%New()")
	
		// Rip through each property of the class.. that does not start with a %
		// Insert each property as a key=>value pair in the array
		For i = 1:1:%compiledclass.Properties.Count() {
	        Set prop = %compiledclass.Properties.GetAt(i).Name
	        IF ($EXTRACT(prop) '= "%") {
		        Do %code.WriteLine(" Do array.SetAt(.."_prop_","""_prop_""")")
	        }
	    }
    
	    // Return an encoded JSON string of the object
	    Do %code.WriteLine(" Quit ..Encode(array)")
	}
]]></Implementation>
</Method>

<Method name="GetAsArrayOfDataTypes">
<Description><![CDATA[
Returns the object as an %ArrayOfDataTypes key=>value pair set.
This is helpful when trying to return a %ListOfDataTypes in JSON form, by quickly building an array object to Insert.
Uses all object properties that do not start with a % char.]]></Description>
<CodeMode>objectgenerator</CodeMode>
<ReturnType>%ArrayOfDataTypes</ReturnType>
<Implementation><![CDATA[
	// Only create this method when compiling other classes this is extended upon
	If (%compiledclass.Name '= "Nur.JSON") {
		
		// Wrap the object in an array
		Do %code.WriteLine(" Set array = ##class(%ArrayOfDataTypes).%New()")
	
		// Rip through each property of the class.. that does not start with a %
		// Insert each property as a key=>value pair in the array
		For i = 1:1:%compiledclass.Properties.Count() {
	        Set prop = %compiledclass.Properties.GetAt(i).Name
	        IF ($EXTRACT(prop) '= "%") {
		        Do %code.WriteLine(" Do array.SetAt(.."_prop_","""_prop_""")")
	        }
	    }
    
	    // Return an %ArrayOfDataTypes representation of the object
	    Do %code.WriteLine(" Quit array")
	}
]]></Implementation>
</Method>

<Method name="GetObjectFromJSON">
<Description>
Returns an OREF populated with the values from the JSON
Uses all object properties that do not start with a % char.</Description>
<ClassMethod>1</ClassMethod>
<CodeMode>objectgenerator</CodeMode>
<FormalSpec>JSON:%String</FormalSpec>
<ReturnType>%RegisteredObject</ReturnType>
<Implementation><![CDATA[
	// Only create this method when compiling other classes this is extended upon
	If (%compiledclass.Name '= "Nur.JSON") {
		Do %code.WriteLine(" Set return = ##class("_%compiledclass.Name_").%New()")
	
		Do %code.WriteLine(" Set myDecodedArray = ..Decode(JSON)")
		
		// Rip through each property of the class.. that does not start with a %
		// Insert each property into the object to return
		For i = 1:1:%compiledclass.Properties.Count() {
	        Set prop = %compiledclass.Properties.GetAt(i).Name
	        IF ($EXTRACT(prop) '= "%") {
		        //Do %code.WriteLine(" Do array.SetAt(.."_prop_","""_prop_""")")
		        Do %code.WriteLine(" Set return."_prop_" = myDecodedArray.GetAt("""_prop_""")")
	        }
	    }
	    
		Do %code.WriteLine(" Quit return")
	}
]]></Implementation>
</Method>

<Method name="Replace">
<ClassMethod>1</ClassMethod>
<FormalSpec>str,char,replaceChar</FormalSpec>
<Implementation><![CDATA[
	s tmpStr=""
	s n=$l(str,char)
	f i=1:1:n
	{
		i i'=1 s tmpStr=tmpStr_replaceChar
		s nodeStr=$p(str,char,i)
		s tmpStr=tmpStr_nodeStr
	} 
	q tmpStr
]]></Implementation>
</Method>
</Class>
</Export>
