﻿<Root>
  <MetaData ComFlag="N" Link="" RelName="DHCNURXH_">
    <S101 Title="GetQueryData" Link="web.DHCMGNurComm.GetQueryData" hidden="Y" Edit="N" Pos="" RelName="GetQueryData" Query="False" MIndex="False" />
    <S102 Title="RecSave" Link="Nur.DHCNurseRecSub.Save" hidden="Y" Edit="N" Pos="" RelName="RecSave" Query="False" MIndex="False" />
    <S103 Title="GetRadiaNote" Link="web.DHCNurJYRESULT.GetRadiaNote" hidden="Y" Edit="N" Pos="" RelName="GetRadiaNote" Query="False" MIndex="False" />
    <S104 Title="GetLabItemdata" Link="web.DHCNurJYRESULT.GetLabItemdata" hidden="Y" Edit="N" Pos="" RelName="GetLabItemdata" Query="False" MIndex="False" />
    <S105 Title="GeInOutAmount" Link="web.DHCNurseRecordComm.GetInOutAmountComm1" hidden="Y" Edit="N" Pos="" RelName="GeInOutAmount" Query="False" MIndex="False" />
    <S106 Title="SaveOutIn" Link="Nur.DHCNurPatSumInOut.SaveComm" hidden="Y" Edit="N" Pos="" RelName="SaveOutIn" Query="False" MIndex="False" />
    <S107 Title="SavePrnSet" Link="Nur.DHCNursePrintRec.Save" hidden="Y" Edit="N" Pos="" RelName="SavePrnSet" Query="False" MIndex="False" />
    <S108 Title="GetPrnSet" Link="Nur.DHCNursePrintRec.getprnsetcomm" hidden="Y" Edit="N" Pos="" RelName="GetPrnSet" Query="False" MIndex="False" />
    <S109 Title="GetNurPrnSet" Link="web.DHCNurseRecordComm.getprnset" hidden="Y" Edit="N" Pos="" RelName="GetNurPrnSet" Query="False" MIndex="False" />
    <S110 Title="SPrnSet" Link="Nur.DHCNursePrintRec.SavePrnSet" hidden="Y" Edit="N" Pos="" RelName="SPrnSet" Query="False" MIndex="False" />
    <S111 Title="GetHead" Link="web.DHCNurseRecordPrint.GetHead" hidden="Y" Edit="N" Pos="" RelName="GetHead" Query="False" MIndex="False" />
    <S112 Title="getcheckform" Link="web.DHCNUREMR.getcheckform" hidden="Y" Edit="N" Pos="" RelName="getcheckform" Query="False" MIndex="False" />
    <S113 Title="GetMulti" Link="web.DHCNUREMR.GetMulti" hidden="Y" Edit="N" Pos="" RelName="GetMulti" Query="False" MIndex="False" />
    <S114 Title="GetLableRec" Link="Nur.DHCNurChangeLableRec.GetLableRec" hidden="Y" Edit="N" Pos="" RelName="GetLableRec" Query="False" MIndex="False" />
    <S115 Title="GetNurseRecSet" Link="Nur.DHCNurseRecSet.getSet" hidden="Y" Edit="N" Pos="" RelName="GetNurseRecSet" Query="False" MIndex="False" />
    <S116 Title="GetSubInOut" Link="web.DHCNurseRecordComm.GetSubInOut" hidden="Y" Edit="N" Pos="" RelName="GetSubInOut" Query="False" MIndex="False" />
    <S117 Title="GetUserType" Link="web.DHCNurseRecordComm.GetUserType" hidden="Y" Edit="N" Pos="" RelName="GetUserType" Query="False" MIndex="False" />
    <S118 Title="CancelRecord" Link="web.DHCNurseRecordComm.CancelRecord" hidden="Y" Edit="N" Pos="" RelName="CancelRecord" Query="False" MIndex="False" />
    <S119 Title="GetCurrHeadDR" Link="Nur.DHCNurRecHeadChangeRec.getcurrrow" hidden="Y" Edit="N" Pos="" RelName="GetCurrHeadDR" Query="False" MIndex="False" />
    <S120 Title="GetQueryData1" Link="web.DHCNurseRecordComm.GetQueryData" hidden="Y" Edit="N" Pos="" RelName="GetQueryData1" Query="False" MIndex="False" />
    <S121 Title="GetPatInfo" Link="web.DHCMGNurComm.PatInfo" hidden="Y" Edit="N" Pos="" RelName="GetPatInfo" Query="False" MIndex="False" />
    <T122 Title="T122" Link="" hidden="N" Edit="Y" Pos="" RelName="mygrid" Query="False" MIndex="False">
      <D123 Title="日期" DateFlag="Y" TimeFlag="N" Link="" hidden="N" Edit="N" Pos="" RelName="CareDate" Query="False" MIndex="False" />
      <D124 Title="时间" DateFlag="N" TimeFlag="Y" Link="" hidden="N" Edit="N" Pos="" RelName="CareTime" Query="False" MIndex="False" />
      <S125 Title="空白1" DateFlag="N" TimeFlag="Y" Link="" hidden="N" Edit="N" Pos="" RelName="Item1" Query="False" MIndex="False" />
      <S126 Title="空白2" DateFlag="N" TimeFlag="Y" Link="" hidden="N" Edit="N" Pos="" RelName="Item2" Query="False" MIndex="False" />
      <S127 Title="空白3" DateFlag="N" TimeFlag="Y" Link="" hidden="N" Edit="N" Pos="" RelName="Item3" Query="False" MIndex="False" />
      <S128 Title="空白4" DateFlag="N" TimeFlag="Y" Link="" hidden="N" Edit="N" Pos="" RelName="Item4" Query="False" MIndex="False" />
      <S129 Title="空白5" DateFlag="N" TimeFlag="Y" Link="" hidden="N" Edit="N" Pos="" RelName="Item5" Query="False" MIndex="False" />
       <O130 Title="空白6" DateFlag="N" TimeFlag="Y" Link="" hidden="N" Edit="N" Pos="" RelName="Item6" Query="False" MIndex="False" />
       
<O131 Title="空白7" DateFlag="N" TimeFlag="Y" Link="" hidden="N" Edit="N" Pos="" RelName="Item7" Query="False" MIndex="False" />
           
<O132 Title="空白8" DateFlag="N" TimeFlag="Y" Link="" hidden="N" Edit="N" Pos="" RelName="Item8" Query="False" MIndex="False" />
         
<O133 Title="空白9" DateFlag="N" TimeFlag="Y" Link="" hidden="N" Edit="N" Pos="" RelName="Item9" Query="False" MIndex="False" />
         
<S134 Title="空白10" DateFlag="N" TimeFlag="Y" Link="" hidden="N" Edit="N" Pos="" RelName="Item10" Query="False" MIndex="False" />
<S135 Title="空白11" DateFlag="N" TimeFlag="Y" Link="" hidden="N" Edit="N" Pos="" RelName="Item11" Query="False" MIndex="False" />
<S136 Title="空白12" DateFlag="N" TimeFlag="Y" Link="" hidden="N" Edit="N" Pos="" RelName="Item12" Query="False" MIndex="False" />
<S137 Title="空白13" DateFlag="N" TimeFlag="Y" Link="" hidden="N" Edit="N" Pos="" RelName="Item13" Query="False" MIndex="False" />
<S138 Title="空白14" DateFlag="N" TimeFlag="Y" Link="" hidden="N" Edit="N" Pos="" RelName="Item14" Query="False" MIndex="False" />
<S139 Title="空白15" DateFlag="N" TimeFlag="Y" Link="" hidden="N" Edit="N" Pos="" RelName="Item15" Query="False" MIndex="False" />
<S140 Title="空白16" DateFlag="N" TimeFlag="Y" Link="" hidden="N" Edit="N" Pos="" RelName="Item16" Query="False" MIndex="False" />
<S141 Title="空白17" DateFlag="N" TimeFlag="Y" Link="" hidden="N" Edit="N" Pos="" RelName="Item17" Query="False" MIndex="False" />
<S142 Title="空白18" DateFlag="N" TimeFlag="Y" Link="" hidden="N" Edit="N" Pos="" RelName="Item18" Query="False" MIndex="False" />
<S143 Title="空白19" DateFlag="N" TimeFlag="Y" Link="" hidden="N" Edit="N" Pos="" RelName="Item19" Query="False" MIndex="False" />
<S144 Title="空白20" DateFlag="N" TimeFlag="Y" Link="" hidden="N" Edit="N" Pos="" RelName="Item20" Query="False" MIndex="False" />
<G145 Title="病情变化及措施" DateFlag="N" TimeFlag="Y" Link="" hidden="N" Edit="N" Pos="" RelName="CaseMeasure" Query="False" MIndex="False" />
<S146 Title="签名" DateFlag="N" TimeFlag="Y" Link="" hidden="N" Edit="N" Pos="" RelName="User" Query="False" MIndex="False" />
<S147 Title="rw" DateFlag="N" TimeFlag="Y" Link="" hidden="N" Edit="N" Pos="" RelName="rw" Query="False" MIndex="False" />
<S148 Title="par" DateFlag="N" TimeFlag="Y" Link="" hidden="N" Edit="N" Pos="" RelName="par" Query="False" MIndex="False" />
    </T122>
  </MetaData>
  <InstanceData IDNO="107" Width="808" Height="725" Continue="False">
    <T122 type="SourceGrid.Grid" text="" left="0" top="0" ofx="0" ofy="0" width="798" height="294" tabindex="0" bgcolor="ffc6dfff" fontcolor="ControlText" fontname="宋体" fontsize="12" b="False" i="False" u="False" fontunit="World">30^20^20^20^20^20^20^20^20^20^$86^50^50^50^50^50^50^50^50^50^50^50^50^50^50^50^50^50^50^50^50^50^110^50^50^50^$!!!!!!!!!!!!!!!!!!!!!!!!!!^!!!!!!!!!!!!!!!!!!!!!!!!!!^!!!!!!!!!!!!!!!!!!!!!!!!!!^!!!!!!!!!!!!!!!!!!!!!!!!!!^!!!!!!!!!!!!!!!!!!!!!!!!!!^!!!!!!!!!!!!!!!!!!!!!!!!!!^!!!!!!!!!!!!!!!!!!!!!!!!!!^!!!!!!!!!!!!!!!!!!!!!!!!!!^!!!!!!!!!!!!!!!!!!!!!!!!!!^</T122>
  </InstanceData>
</Root>